{
  "coef": {
    "sit.anyInKillRange": -0.013223790563642979,
    "sit.bagFail": 0.063357874751091,
    "sit.bagMeanMod": -0.026954054832458496,
    "sit.bagSucceed": 0.0,
    "sit.bestWeaponDamage": 0.022900041192770004,
    "sit.clueTarget": -0.03556828945875168,
    "sit.controlsWeapon": 0.025695106014609337,
    "sit.doomPressure": -0.0482691265642643,
    "sit.focus.combat": 0.042953383177518845,
    "sit.focus.evade": -0.0366348959505558,
    "sit.focus.investigate": -0.020951539278030396,
    "sit.focus.mobility": 0.0,
    "sit.focus.support": 0.011569208465516567,
    "sit.focus.survival": -0.006475462112575769,
    "sit.groupClues": 0.02541526034474373,
    "sit.handNotFull": 0.13898392021656036,
    "sit.hasClueTarget": 0.13734503090381622,
    "sit.locationClues": 0.08703472465276718,
    "sit.locationShroud": 0.06012117862701416,
    "sit.maxTmCombat": -0.018270859494805336,
    "sit.maxTmIntellect": -0.0005616862326860428,
    "sit.minEnemyRemainingHealth": -0.001466722460463643,
    "sit.nEnemies": 0.025993337854743004,
    "sit.nEngaged": -0.08012635260820389,
    "sit.nTeammates": -0.011692599393427372,
    "sit.remainingActions": -0.1502409726381302,
    "sit.remainingHealth": 0.08590653538703918,
    "sit.remainingSanity": -0.0406530387699604,
    "sit.resourceShortfall": -0.0018197995377704501,
    "sit.resources": 0.056580834090709686,
    "sit.shouldDig": 0.018818262964487076,
    "sit.stat.agility": 0.03727824613451958,
    "sit.stat.combat": 0.01777905970811844,
    "sit.stat.intellect": 0.02133798599243164,
    "sit.stat.willpower": 0.008794112130999565,
    "sit.strongerInvestigator": 0.04260512813925743,
    "sit.weaknessDrawRisk": 0.04338230937719345,
    "sit.weight.combat": -0.11299809068441391,
    "sit.weight.evade": -0.022333459928631783,
    "sit.weight.investigate": 0.05093662813305855,
    "sit.weight.mobility": 0.04112900793552399,
    "sit.weight.support": -0.05520077422261238,
    "sit.weight.survival": 0.07543762773275375,
    "ch.enemyRemainingHealth": 0.01191588956862688,
    "ch.evadeOdds": 0.028851253911852837,
    "ch.fightOdds": -0.004523036070168018,
    "ch.investigateOdds": 0.08614757657051086,
    "ch.isEconomy": -0.453752726316452,
    "ch.isFinisher": 0.009283664636313915,
    "ch.isMoveTarget": -0.06890583783388138,
    "ch.isPriorityTarget": 0.0,
    "ch.isRedundantWeapon": -0.24980871379375458,
    "ch.isStop": 0.06643763929605484,
    "ch.kind.evade": -0.18068566918373108,
    "ch.kind.fight": 0.09808214008808136,
    "ch.kind.focused": -0.07813326269388199,
    "ch.kind.investigate": 0.013357508927583694,
    "ch.kind.move": -0.16833215951919556,
    "ch.kind.plain": 0.21299153566360474,
    "ch.kind.playCard": -0.10395045578479767,
    "ch.playFocus.combat": -0.007408952806144953,
    "ch.playFocus.evade": -0.007606458850204945,
    "ch.playFocus.investigate": -0.06642700731754303,
    "ch.playFocus.mobility": 0.0,
    "ch.playFocus.support": -0.01729806698858738,
    "ch.playFocus.survival": 0.007084190845489502,
    "ch.targetDistance": -0.01607479341328144
  },
  "mu": {
    "sit.anyInKillRange": 0.1069512888789177,
    "sit.bagFail": 0.05940432846546173,
    "sit.bagMeanMod": -1.0348988771438599,
    "sit.bagSucceed": 0.0,
    "sit.bestWeaponDamage": 1.0739015340805054,
    "sit.clueTarget": 1.0279568433761597,
    "sit.controlsWeapon": 0.16952916979789734,
    "sit.doomPressure": 0.11635465174913406,
    "sit.focus.combat": 0.3341279625892639,
    "sit.focus.evade": 0.06019396334886551,
    "sit.focus.investigate": 0.460367351770401,
    "sit.focus.mobility": 0.0,
    "sit.focus.support": 0.009373137727379799,
    "sit.focus.survival": 0.13593758642673492,
    "sit.groupClues": 0.3407379388809204,
    "sit.handNotFull": 0.9295118451118469,
    "sit.hasClueTarget": 0.37080782651901245,
    "sit.locationClues": 0.8502465486526489,
    "sit.locationShroud": 1.725740909576416,
    "sit.maxTmCombat": 0.9365010857582092,
    "sit.maxTmIntellect": 0.9899225234985352,
    "sit.minEnemyRemainingHealth": 0.6977298855781555,
    "sit.nEnemies": 0.39833125472068787,
    "sit.nEngaged": 0.24240125715732574,
    "sit.nTeammates": 0.3697783946990967,
    "sit.remainingActions": 1.9614779949188232,
    "sit.remainingHealth": 6.708186626434326,
    "sit.remainingSanity": 6.17863130569458,
    "sit.resourceShortfall": 0.11394050717353821,
    "sit.resources": 3.795687198638916,
    "sit.shouldDig": 0.5321016311645508,
    "sit.stat.agility": 2.6936120986938477,
    "sit.stat.combat": 2.917104721069336,
    "sit.stat.intellect": 3.200411796569824,
    "sit.stat.willpower": 3.090317964553833,
    "sit.strongerInvestigator": 0.1230427473783493,
    "sit.weaknessDrawRisk": 0.06643247604370117,
    "sit.weight.combat": 5.426071643829346,
    "sit.weight.evade": 3.498347520828247,
    "sit.weight.investigate": 6.7538604736328125,
    "sit.weight.mobility": 0.33564502000808716,
    "sit.weight.support": 1.7136588096618652,
    "sit.weight.survival": 4.809340476989746,
    "ch.enemyRemainingHealth": 0.0008668797672726214,
    "ch.evadeOdds": 5.417998545453884e-05,
    "ch.fightOdds": 0.00018782394181471318,
    "ch.investigateOdds": 0.015927385538816452,
    "ch.isEconomy": 0.09188925474882126,
    "ch.isFinisher": 0.00010835997090907767,
    "ch.isMoveTarget": 0.00010835997090907767,
    "ch.isPriorityTarget": 0.0,
    "ch.isRedundantWeapon": 0.002546459436416626,
    "ch.isStop": 0.09600693732500076,
    "ch.kind.evade": 0.03922630846500397,
    "ch.kind.fight": 0.017175056040287018,
    "ch.kind.focused": 0.04459012672305107,
    "ch.kind.investigate": 0.030936772003769875,
    "ch.kind.move": 0.023405753076076508,
    "ch.kind.plain": 0.7397735118865967,
    "ch.kind.playCard": 0.10489245504140854,
    "ch.playFocus.combat": 0.0126781165599823,
    "ch.playFocus.evade": 0.002438099356368184,
    "ch.playFocus.investigate": 0.012244677171111107,
    "ch.playFocus.mobility": 0.0,
    "ch.playFocus.support": 0.010023297742009163,
    "ch.playFocus.survival": 0.0033591592218726873,
    "ch.targetDistance": 98.9681396484375
  },
  "sd": {
    "sit.anyInKillRange": 0.3090621829032898,
    "sit.bagFail": 0.013653443194925785,
    "sit.bagMeanMod": 0.6574879288673401,
    "sit.bagSucceed": 9.999999974752427e-07,
    "sit.bestWeaponDamage": 0.26160869002342224,
    "sit.clueTarget": 1.471830129623413,
    "sit.controlsWeapon": 0.37522104382514954,
    "sit.doomPressure": 0.22289341688156128,
    "sit.focus.combat": 0.47166427969932556,
    "sit.focus.evade": 0.23783144354820251,
    "sit.focus.investigate": 0.49842607975006104,
    "sit.focus.mobility": 9.999999974752427e-07,
    "sit.focus.support": 0.09637432545423508,
    "sit.focus.survival": 0.342701256275177,
    "sit.groupClues": 0.7788854837417603,
    "sit.handNotFull": 0.25597575306892395,
    "sit.hasClueTarget": 0.483029842376709,
    "sit.locationClues": 1.1302608251571655,
    "sit.locationShroud": 1.2915328741073608,
    "sit.maxTmCombat": 1.5975812673568726,
    "sit.maxTmIntellect": 1.644836664199829,
    "sit.minEnemyRemainingHealth": 1.203863263130188,
    "sit.nEnemies": 0.6493890285491943,
    "sit.nEngaged": 0.4925532341003418,
    "sit.nTeammates": 0.6528461575508118,
    "sit.remainingActions": 1.2540427446365356,
    "sit.remainingHealth": 3.375715732574463,
    "sit.remainingSanity": 3.4317119121551514,
    "sit.resourceShortfall": 0.5375642776489258,
    "sit.resources": 2.5001606941223145,
    "sit.shouldDig": 0.4989827871322632,
    "sit.stat.agility": 0.9761573672294617,
    "sit.stat.combat": 1.1850013732910156,
    "sit.stat.intellect": 1.146620750427246,
    "sit.stat.willpower": 1.0010662078857422,
    "sit.strongerInvestigator": 0.32848188281059265,
    "sit.weaknessDrawRisk": 0.03266581520438194,
    "sit.weight.combat": 4.432570457458496,
    "sit.weight.evade": 1.7634133100509644,
    "sit.weight.investigate": 4.1850972175598145,
    "sit.weight.mobility": 0.5785582065582275,
    "sit.weight.support": 2.311631917953491,